{
  "seed": 20260323,
  "matrix_checks": {
    "dimensions": [
      {
        "dimension": 2,
        "max_reconstruction_error": 1.6653345369377348e-16,
        "max_representation_residual": 2.220446049250313e-16,
        "max_additivity_residual": 2.220446049250313e-16,
        "sample": {
          "dimension": 2,
          "rho": [
            [
              0.363056156576945,
              -0.20463472554938367
            ],
            [
              -0.20463472554938367,
              0.6369438434230549
            ]
          ],
          "recovered_rho": [
            [
              0.363056156576945,
              -0.20463472554938367
            ],
            [
              -0.20463472554938367,
              0.6369438434230549
            ]
          ],
          "reconstruction_error": 0.0,
          "max_representation_residual": 0.0,
          "max_additivity_residual": 5.551115123125783e-17
        }
      },
      {
        "dimension": 3,
        "max_reconstruction_error": 1.1102230246251565e-16,
        "max_representation_residual": 1.1102230246251565e-16,
        "max_additivity_residual": 1.1102230246251565e-16,
        "sample": {
          "dimension": 3,
          "rho": [
            [
              0.20009880215781586,
              0.2751834712344942,
              -0.11649783001964498
            ],
            [
              0.2751834712344942,
              0.42016089146891156,
              -0.2506561840929445
            ],
            [
              -0.11649783001964498,
              -0.2506561840929445,
              0.37974030637327255
            ]
          ],
          "recovered_rho": [
            [
              0.20009880215781586,
              0.2751834712344942,
              -0.11649783001964496
            ],
            [
              0.2751834712344942,
              0.42016089146891156,
              -0.2506561840929445
            ],
            [
              -0.11649783001964496,
              -0.2506561840929445,
              0.37974030637327255
            ]
          ],
          "reconstruction_error": 1.3877787807814457e-17,
          "max_representation_residual": 5.551115123125783e-17,
          "max_additivity_residual": 1.1102230246251565e-16
        }
      },
      {
        "dimension": 4,
        "max_reconstruction_error": 1.1102230246251565e-16,
        "max_representation_residual": 1.1102230246251565e-16,
        "max_additivity_residual": 5.551115123125783e-17,
        "sample": {
          "dimension": 4,
          "rho": [
            [
              0.33773017158815033,
              0.17286701273194582,
              0.3541079105189008,
              -0.02547478676670744
            ],
            [
              0.17286701273194582,
              0.1834202241614396,
              0.24250090005767985,
              -0.006683425297198622
            ],
            [
              0.3541079105189008,
              0.24250090005767985,
              0.43708097503416116,
              -0.022405259062439495
            ],
            [
              -0.02547478676670744,
              -0.006683425297198622,
              -0.022405259062439495,
              0.041768629216249006
            ]
          ],
          "recovered_rho": [
            [
              0.33773017158815033,
              0.17286701273194585,
              0.3541079105189008,
              -0.02547478676670744
            ],
            [
              0.17286701273194585,
              0.1834202241614396,
              0.24250090005767985,
              -0.006683425297198613
            ],
            [
              0.3541079105189008,
              0.24250090005767985,
              0.43708097503416116,
              -0.022405259062439502
            ],
            [
              -0.02547478676670744,
              -0.006683425297198613,
              -0.022405259062439502,
              0.041768629216249006
            ]
          ],
          "reconstruction_error": 2.7755575615628914e-17,
          "max_representation_residual": 0.0,
          "max_additivity_residual": 2.7755575615628914e-17
        }
      }
    ],
    "trials_per_dimension": 250,
    "effects_per_trial": 12
  },
  "sphere_warmup": {
    "beta": 0.22,
    "alpha": 0.33999999999999997,
    "triple_count": 1500,
    "max_residual": 1.9539925233402755e-14,
    "sample_triples": [
      {
        "heights_squared": [
          0.3308964109672467,
          0.10914943983176255,
          0.559954149200991
        ],
        "value_sum": 1.0,
        "residual": 0.0
      },
      {
        "heights_squared": [
          0.009280502361184204,
          0.904632455875367,
          0.08608704176344856
        ],
        "value_sum": 0.9999999999999998,
        "residual": 2.220446049250313e-16
      },
      {
        "heights_squared": [
          0.36861450938012114,
          0.2012570498864216,
          0.43012844073345735
        ],
        "value_sum": 1.0,
        "residual": 0.0
      }
    ]
  }
}